Location,Property_Address,Property_Type,Property_Size,Tenure,Rent,Price
Redhill,"Unit 14 Perrywood Business Park, Salfords",Offices / Industrial,"27,948 sq ft - To Let / For Sale",To Let / For Sale,Rent on Application,Price on Application
Gatwick,"First Floor And Third Floor 2 City Place, Beehive Ring Road",Offices,"8,082 to 43,013 sq ft - To Let",To Let,Rent on Application,Price on Application
Dartford,"Unit A2, Riverside Industrial Estate",Industrial,"2,500 sq ft - To Let",To Let,Rent on Application,Price on Application
Dartford,"Unit A4, Riverside Industrial Estate",Industrial,"3,454 sq ft - To Let",To Let,Rent on Application,Price on Application
Aylesford,Unit A5 Larkfield Trading Estate,Industrial,"6,846 sq ft - To Let",To Let,Rent on Application,Price on Application
Rainham,"Unit D3, Thames View Business Centre, Fairview Industrial Estate",Industrial,"6,407 sq ft - To Let",To Let,Rent on Application,Price on Application
Rainham,"Unit E1, Thames View Business Centre, Fairview Industrial Estate",Industrial,"6,827 sq ft - To Let",To Let,Rent on Application,Price on Application
Rainham,"Unit B1, Thames View Business Centre, Fairview Industrial Estate",Industrial,"5,142 sq ft - To Let",To Let,Rent on Application,Price on Application
Dartford,"Former Depot, Hawley Road",Open Storage,0.40 to 2 Acres - To Let,To Let,Rent on Application,Price on Application
Orpington,Unit 7 Halo Business Park,Industrial,"7,429 sq ft - Lease Assignment",Lease Assignment,Rent on Application,Price on Application
Tonbridge,"Office At Unit Q Paddock Wood Distribution Centre, Transfesa Road",Offices,"2,190 sq ft - To Let",To Let,Rent on Application,Price on Application
Dartford,"Unit B4, Logicor Park",Industrial,"3,845 sq ft - To Let",To Let,Rent on Application,Price on Application
Crawley,"Unit C1 Fleming Centre, Fleming Way",Industrial,"6,838 sq ft - To Let",To Let,Rent on Application,Price on Application
Erith,"Unit 13, Manford Industrial Estate, Manor Road",Industrial,"2,505 sq ft - To Let",To Let,Rent on Application,Price on Application
Sidcup,"Unit 4 Crayside, Five Arches Business Estate",Industrial / Offices,"4,891 sq ft - To Let / For Sale",To Let / For Sale,Rent on Application,Price on Application
Croydon,"Unit 9 Progress Business Park, Progress Way",Industrial,"1,181 sq ft - To Let",To Let,Rent on Application,Price on Application
Crayford,"Unit 6, Crayside Industrial Estate, Thames Road",Industrial,"4,626 sq ft - To Let",To Let,Rent on Application,Price on Application
Dartford,Unit 6B Saunders Way,Industrial,"3,130 sq ft - To Let",To Let,Rent on Application,Price on Application
Croydon,"Unit 3 Silverwing Industrial Estate, Horatius Way",Industrial,"1,513 sq ft - To Let",To Let,Rent on Application,Price on Application
Dorking,"Building 4 Dorking Office Park, Station Road",Offices,"2,248 to 5,154 sq ft - To Let",To Let,Rent on Application,Price on Application
Crawley,"Pegasus 2, Pegasus Place",Offices,"4,331 sq ft - Lease Assignment",Lease Assignment,Rent on Application,Price on Application
Reigate,"Castlefield House, Castlefield Road",Offices,"10,539 to 33,781 sq ft - To Let",To Let,Rent on Application,Price on Application
Woking,1 Christchurch Way,Offices,"4,990 to 19,607 sq ft - To Let",To Let,Rent on Application,Price on Application
Hayes,"Mondial House, 5 Mondial Way",Offices,"4,745 sq ft - To Let",To Let,Rent on Application,Price on Application
Amersham,"Rose House, Bell Lane Office Village, Bell Lane",Offices,"5,310 to 10,627 sq ft - Lease Assignment",Lease Assignment,Rent on Application,Price on Application
Harlow,"Langlands House, 130 Sandringham Avenue",Offices,"3,185 to 10,580 sq ft - To Let",To Let,Rent on Application,Price on Application
Wallington,"Second Floor Leo House, Railway Approach",Offices,"7,859 sq ft - To Let",To Let,Rent on Application,Price on Application
Dorking,"Two Dorking Office Park, Station Road",Offices,"6,012 to 28,993 sq ft - To Let",To Let,Rent on Application,Price on Application
Crawley,"Unit 3E Gatwick Gate, Charlwood Road",Industrial,"9,917 sq ft - To Let",To Let,Rent on Application,Price on Application
Coulsdon,"Imperial House, Redlands",Industrial,"10,000 sq ft - For Sale",For Sale,Rent on Application,Price on Application
Croydon,"Unit 7 Commerce Trade Park, 4 Commerce Way",Industrial,"4,263 sq ft - To Let",To Let,Rent on Application,Price on Application
Redhill,"Open Storage Yard, 1 Trowers Way",Open Storage,"12,000 sq ft - To Let",To Let,Rent on Application,Price on Application
Croydon,"SEGRO Park, Redhouse Road",Industrial,"6,512 to 153,386 sq ft - To Let",To Let,Rent on Application,Price on Application
Godstone,"Compound 103 Lambs Business Park, Terracotta Road",Open Storage,"5,600 sq ft - To Let",To Let,Rent on Application,Price on Application
South Godstone,Compound M Lambs Business Park,Industrial,"28,470 sq ft - To Let",To Let,Rent on Application,Price on Application
Croydon,265 King Henrys Drive,Land,"20,125 sq ft - To Let",To Let,Rent on Application,Price on Application
Edenbridge,"Unit B Stenmar Works, Commerce Way",Industrial,"10,000 to 19,011 sq ft - To Let",To Let,Rent on Application,Price on Application
Croydon,"Unit 7, Spitfire Business Park, 1 Hawker Road",Industrial,"2,045 sq ft - To Let",To Let,Rent on Application,Price on Application
Croydon,"Unit 27 Silverwing Industrial Estate, Horatius Way",Industrial,"1,519 sq ft - To Let",To Let,Rent on Application,Price on Application
Beckenham,"Unit 2 Pioneer Court, Croydon Road",Other,"2,995 sq ft - To Let",To Let,Rent on Application,Price on Application
South Godstone,"Unit 19 Lambs Business Park, Terracotta Road",Industrial,"3,285 sq ft - To Let",To Let,Rent on Application,Price on Application
London,"Units 7 & 7a Nelson Trade Park, Morden Road",Industrial,"8,509 sq ft - To Let",To Let,Rent on Application,Price on Application
London,"Unit 2 Sydenham Industrial Estate, Sydenham Industrial Estate, Kangley Bridge Road",Industrial,"4,000 sq ft - To Let",To Let,Rent on Application,Price on Application
Croydon,"Unit 6 Commerce Park, Commerce Way",Industrial,"26,247 sq ft - To Let",To Let,Rent on Application,Price on Application
East Molesey,81 Bridge Road,Offices,"1,000 to 3,181 sq ft - To Let",To Let,Rent on Application,Price on Application
London,"Various Units, Gemini Business Park, Valor Park, Hornet Way",Industrial,"16,373 to 22,980 sq ft - To Let",To Let,Rent on Application,Price on Application
London,"Unit 19 Gemini Business Park, Valor Park, Hornet Way",Industrial,"16,373 sq ft - To Let",To Let,Rent on Application,Price on Application
London,"Unit 29 Gemini Business Park, Valor Park, Hornet Way",Industrial,"22,980 sq ft - To Let",To Let,Rent on Application,Price on Application
London,"Unit 30 Gemini Business Park, Valor Park, Hornet Way",Industrial,"18,557 sq ft - To Let",To Let,Rent on Application,Price on Application
Swanley,Unit 1 Moreton Industrial Estate,Industrial,"9,224 sq ft - To Let",To Let,Rent on Application,Price on Application
Erith,Unit 5a Northend Trading Estate,Industrial,958 sq ft - To Let,To Let,Rent on Application,Price on Application
Ashford,"Unit 2, Entralon Gate",Industrial,"7,555 sq ft - To Let",To Let,Rent on Application,Price on Application
Ashford,"Unit 3, Entralon Gate",Industrial,"7,104 sq ft - To Let",To Let,Rent on Application,Price on Application
Ashford,"Unit 4, Entralon Gate",Industrial,"7,104 sq ft - To Let",To Let,Rent on Application,Price on Application
Ashford,"Unit 5, Entralon Gate",Industrial,"17,110 sq ft - To Let",To Let,Rent on Application,Price on Application
Ashford,"Various Units, Entralon Gate",Industrial,"7,104 to 17,110 sq ft - To Let",To Let,Rent on Application,Price on Application
London,"Unit 27, Gemini Business Park",Industrial,"34,721 sq ft - For Sale",For Sale,Rent on Application,Price on Application
Reigate,45 London Road,Offices,"2,052 to 12,087 sq ft - To Let",To Let,Rent on Application,Price on Application
Mitcham,"Unit 3 Falcon Business Centre, Wandle Way",Industrial,"2,467 sq ft - To Let",To Let,Rent on Application,Price on Application
Mitcham,"Unit 20 Mitcham Industrial Estate, Streatham Road",Industrial,"28,826 sq ft - To Let",To Let,Rent on Application,Price on Application
Chessington,"Unit 44 Barwell Business Park, Leatherhead Road",Industrial,"18,826 sq ft - To Let",To Let,Rent on Application,Price on Application
Swanley,"Ground Floor Unit 2, White Oak Square",Offices,"1,757 sq ft - To Let",To Let,Rent on Application,Price on Application
Orpington,"Osprey House, Crayfields Park, New Mill Road",Offices,"1,881 sq ft - To Let",To Let,Rent on Application,Price on Application
Orpington,"Crayfields Park, Main Road",Other,"1,617 sq ft - To Let",To Let,Rent on Application,Price on Application
Sevenoaks,"Highland Suite, Great Hollanden Business Centre, Mill Lane",Offices,"1,512 sq ft - To Let",To Let,Rent on Application,Price on Application
Orpington,"Building 3, Crayfields Park, New Mill Road",Offices,"689 to 18,000 sq ft - To Let",To Let,Rent on Application,Price on Application
Tunbridge Wells,"Unit 2A North Farm Industrial Estate, Longfield Road",Industrial,"9,335 sq ft - To Let",To Let,Rent on Application,Price on Application
Crayford,"Unit 7, Crayside Industrial Estate, Thames Road",Industrial,"8,762 sq ft - To Let",To Let,Rent on Application,Price on Application
West Thurrock,Unit 5 Thurrock Business Centre,Industrial,938 sq ft - To Let,To Let,Rent on Application,Price on Application
West Thurrock,Unit 17 Thurrock Business Centre,Industrial,938 sq ft - To Let,To Let,Rent on Application,Price on Application
West Malling,18 Kings Hill Avenue,Offices,"6,997 to 11,356 sq ft - To Let",To Let,Rent on Application,Price on Application
Dartford,"Second Floor Lakeview West, Galleon Boulevard",Offices,"9,887 sq ft - To Let",To Let,Rent on Application,Price on Application
West Thurrock,Unit 1 Thurrock Trade Park,Industrial,"3,876 sq ft - To Let",To Let,Rent on Application,Price on Application
West Thurrock,Unit 11 Thurrock Trade Park,Industrial,"4,842 sq ft - To Let",To Let,Rent on Application,Price on Application
West Thurrock,Unit 3 Thurrock Trade Park,Industrial,"2,846 sq ft - To Let",To Let,Rent on Application,Price on Application
West Thurrock,Units 6-8 Thurrock Trade Park,Industrial,"10,977 sq ft - To Let",To Let,Rent on Application,Price on Application
West Malling,"Pt 1st Floor, 30 Tower View",Offices,"7,224 sq ft - To Let",To Let,Rent on Application,Price on Application
West Malling,"Pt 1st Floor, 30 Tower View",Offices,"10,782 sq ft - To Let",To Let,Rent on Application,Price on Application
Gravesend,"South Site, Crete Hall Road",Industrial,"72,643 sq ft - To Let",To Let,Rent on Application,Price on Application
West Malling,32 Tower View,Offices,"17,583 to 35,247 sq ft - To Let",To Let,Rent on Application,Price on Application
West Malling,"Part 1st Floor, 11 Tower View",Offices,"5,092 sq ft - To Let",To Let,Rent on Application,Price on Application
West Malling,"Prt Gnd Floor, 11 Tower View",Offices,"11,036 sq ft - To Let",To Let,Rent on Application,Price on Application
West Malling,"Part 1st Floor, 11 Tower View",Offices,"5,316 sq ft - To Let",To Let,Rent on Application,Price on Application
London,2 Old Post Office Lane,Industrial,"15,617 sq ft - To Let",To Let,Rent on Application,Price on Application
West Malling,34 Tower View,Offices,"9,688 sq ft - To Let",To Let,Rent on Application,Price on Application
West Malling,17 Kings Hill Avenue,Offices,"9,173 sq ft - To Let",To Let,Rent on Application,Price on Application
West Malling,4 Abbey Wood Road,Offices,"14,854 sq ft - To Let",To Let,Rent on Application,Price on Application
West Malling,2 Kings Hill Avenue,Offices,"2,339 to 4,715 sq ft - To Let",To Let,Rent on Application,Price on Application
Tunbridge Wells,"Unit 2A North Farm Industrial Estate, Longfield Road",Industrial,"9,335 sq ft - To Let",To Let,Rent on Application,Price on Application
Dartford,"Unit B1, Logicor Park",Industrial,"3,836 sq ft - To Let",To Let,Rent on Application,Price on Application
Dartford,"Unit A1, Logicor Park",Industrial,"5,341 sq ft - To Let",To Let,Rent on Application,Price on Application
Dartford,"Unit A2, Logicor Park",Industrial,"5,856 sq ft - To Let",To Let,Rent on Application,Price on Application
Dartford,"Unit A3, Logicor Park",Industrial,"5,846 sq ft - To Let",To Let,Rent on Application,Price on Application
Dartford,"Unit A5, Logicor Park",Industrial,"3,341 sq ft - To Let",To Let,Rent on Application,Price on Application
Dartford,"Unit A6, Logicor Park",Industrial,"3,288 sq ft - To Let",To Let,Rent on Application,Price on Application
Dartford,"Unit A7, Logicor Park",Industrial,"3,830 sq ft - To Let",To Let,Rent on Application,Price on Application
Dartford,"Unit A8, Logicor Park",Industrial,"3,801 sq ft - To Let",To Let,Rent on Application,Price on Application
Dartford,"Unit A9, Logicor Park",Industrial,"3,793 sq ft - To Let",To Let,Rent on Application,Price on Application
Dartford,"Unit A10, Logicor Park",Industrial,"3,832 sq ft - To Let",To Let,Rent on Application,Price on Application
Dartford,"Unit A11, Logicor Park",Industrial,"3,836 sq ft - To Let",To Let,Rent on Application,Price on Application
Dartford,"Unit A12, Logicor Park",Industrial,"3,290 sq ft - To Let",To Let,Rent on Application,Price on Application
Dartford,"Unit B3, Logicor Park",Industrial,"2,912 sq ft - To Let",To Let,Rent on Application,Price on Application
Dartford,"Unit B5, Logicor Park",Industrial,"4,766 sq ft - To Let",To Let,Rent on Application,Price on Application
Dartford,"Unit B6, Logicor Park",Industrial,"3,617 sq ft - To Let",To Let,Rent on Application,Price on Application
Dartford,"Unit B7, Logicor Park",Industrial,"3,617 sq ft - To Let",To Let,Rent on Application,Price on Application
Dartford,"Unit B8, Logicor Park",Industrial,"4,768 sq ft - To Let",To Let,Rent on Application,Price on Application
Dartford,"Various Units, Logicor Park",Industrial,"2,912 to 82,203 sq ft - To Let",To Let,Rent on Application,Price on Application
Dartford,"Unit A4, Logicor Park",Industrial,"5,874 sq ft - To Let",To Let,Rent on Application,Price on Application
West Thurrock,"Unit D20A, J31 Park, Motherwell Way",Industrial,"3,456 sq ft - To Let",To Let,Rent on Application,Price on Application
West Thurrock,"Unit D20, J31 Park, Motherwell Way",Industrial,"2,972 sq ft - To Let",To Let,Rent on Application,Price on Application
Ashford,"Unit 9 Axiom Orbital Park, Hall Avenue",Industrial,"2,974 sq ft - To Let",To Let,Rent on Application,Price on Application
Barking,"Unit C3 Eastern Approach, 25 Alfreds Way",Industrial,"16,971 sq ft - To Let",To Let,Rent on Application,Price on Application
Grays,"Various Units Coward Industrial Estate, St Johns Road",Industrial,"3,509 to 10,362 sq ft - To Let",To Let,Rent on Application,Price on Application
West Thurrock Grays,"Plot 4 Thurrock Open Storage Park, Oliver Road",Land,1.13 Acres - To Let,To Let,Rent on Application,Price on Application
Woodford Green,Unit 1 Orbital Centre,Industrial,"8,816 sq ft - To Let",To Let,Rent on Application,Price on Application
Grays,Unit 12 Coward Industrial Estate,Industrial,"10,362 sq ft - To Let",To Let,Rent on Application,Price on Application
Grays,Unit 11 Coward Industrial Estate,Industrial,"10,362 sq ft - To Let",To Let,Rent on Application,Price on Application
Grays,Unit 5 Coward Industrial Estate,Industrial,"7,284 sq ft - To Let",To Let,Rent on Application,Price on Application
Grays,"Unit 4 Coward Industrial Estate, St Johns Road",Industrial,"6,301 sq ft - To Let",To Let,Rent on Application,Price on Application
Grays,"Unit 3 Coward Industrial Estate, St Johns Road",Industrial,"3,509 sq ft - To Let",To Let,Rent on Application,Price on Application
Grays,"Unit 2 Coward Industrial Estate, St Johns Road",Industrial,"3,530 sq ft - To Let",To Let,Rent on Application,Price on Application
Grays,"Unit 1 Coward Industrial Estate, St Johns Road",Industrial,"5,629 sq ft - To Let",To Let,Rent on Application,Price on Application
Erith,"Unit 1, Manford Industrial Estate, Manor Road",Industrial,"2,742 sq ft - To Let",To Let,Rent on Application,Price on Application
Swanley,"Swanley Distribution Link, London Road",Industrial,"26,500 to 168,313 sq ft - To Let",To Let,Rent on Application,Price on Application
Barking,"Thames Road Sites, Thames Road",Land,1 Acres - To Let,To Let,Rent on Application,Price on Application
Erith,"Unit 1 Kencot Close Business Park, Kencot Way",Industrial,"1,590 sq ft - To Let",To Let,Rent on Application,Price on Application
Erith,"Unit 8, Northend Trading Estate, Northend Road",Industrial,"1,444 sq ft - To Let",To Let,Rent on Application,Price on Application
Erith,"Unit 3 Northend Trading Estate, Northend Road",Industrial,"1,206 sq ft - To Let",To Let,Rent on Application,Price on Application
Erith,"Unit 2, Northend Trading Estate, Northend Road",Industrial,"1,210 sq ft - To Let",To Let,Rent on Application,Price on Application
Grays,"Valor Park Thurrock, 726 London Road",Industrial,"121,179 sq ft - To Let",To Let,Rent on Application,Price on Application
Dagenham,"Unit 11, Thames Gateway Park, Chequers Lane",Industrial,"22,823 sq ft - To Let",To Let,Rent on Application,Price on Application
Barking,"Unit 7B Valor Park - East Circular, Gascoigne Road",Industrial,"10,732 sq ft - To Let",To Let,Rent on Application,Price on Application
Barking,"Unit 7A Valor Park - East Circular, Gascoigne Road",Industrial,"10,678 sq ft - To Let",To Let,Rent on Application,Price on Application
Barking,"Unit 1A Valor Park - East Circular, Gascoigne Road",Industrial,"19,471 sq ft - To Let",To Let,Rent on Application,Price on Application
Barking,"Unit 6 Valor Park - East Circular, Gascoigne Road",Industrial,"45,046 sq ft - To Let",To Let,Rent on Application,Price on Application
Barking,"Unit 1B Valor Park - East Circular, Gascoigne Road",Industrial,"22,464 sq ft - To Let",To Let,Rent on Application,Price on Application
Barking,"Unit 1C Valor Park - East Circular, Gascoigne Road",Industrial,"22,335 sq ft - To Let",To Let,Rent on Application,Price on Application
Dartford,"Flagship House, Victory Way",Offices,"8,705 sq ft - To Let",To Let,Rent on Application,Price on Application
Aylesford,"Unit 15 Quarry Wood Industrial Estate, Mills Road",Industrial,"41,985 sq ft - To Let",To Let,Rent on Application,Price on Application
Aylesford,"Unit E5, Larkfield Trading Estate, New Hythe Lane",Industrial,"5,316 sq ft - To Let",To Let,Rent on Application,Price on Application
Ashford,"Connect Thirty Eight, 1 Dover Place",Offices,"12,078 sq ft - To Let",To Let,Rent on Application,Price on Application
Orpington,"Unit 2 & 3, Ravensquay Business Centre",Industrial,"9,962 sq ft - For Sale",For Sale,Rent on Application,Price on Application
"Dunton Green, Sevenoaks",Unit 15 North Downs Business Park,Industrial,"8,780 sq ft - To Let",To Let,Rent on Application,Price on Application
Crayford,Unit 4 Kennet Road,Industrial,"8,391 sq ft - For Sale",For Sale,Rent on Application,Price on Application
Grays,"Unit 10, Thurrock Business Centre, Breach Road",Industrial,926 sq ft - To Let,To Let,Rent on Application,Price on Application
Dartford,"Unit 10 Optima Trade Park, Thames Road",Industrial,"7,753 sq ft - To Let",To Let,Rent on Application,Price on Application
Aylesford,"Former Landscape Services Depot, Beddow Way",Land / Open Storage,0.79 Acres - To Let,To Let,Rent on Application,Price on Application
Grays,"Unit 11, Thurrock Business Centre, Breach Road",Industrial,936 sq ft - To Let,To Let,Rent on Application,Price on Application
Paddock Wood,Units 14-20 Eldon Way Industrial Estate,Industrial,"15,234 to 30,492 sq ft - To Let",To Let,Rent on Application,Price on Application
Swanley,"Unit 4 Gateway Trading Estate, London Road",Industrial,"8,625 sq ft - To Let",To Let,Rent on Application,Price on Application
Barking,"Unit B, Circular 13, Gascoigne Road",Industrial,"98,544 sq ft - To Let",To Let,Rent on Application,Price on Application
Barking,"Various Units Valor Park - East Circular, Gascoigne Road",Industrial,"10,497 to 47,611 sq ft - To Let",To Let,Rent on Application,Price on Application
Tonbridge,"Unit 16, Botany Trading Estate",Industrial,"6,671 sq ft - To Let",To Let,Rent on Application,Price on Application
Tonbridge,"Unit 3B, Botany Trading Estate",Industrial,"3,608 sq ft - To Let",To Let,Rent on Application,Price on Application
Aylesford,"Various Units At Click Aylesford, Coldharbour Lane",Industrial,"13,691 to 103,883 sq ft - To Let",To Let,Rent on Application,Price on Application
Barking,"Unit C2 & C3 Eastern Approach, 25 Alfreds Way",Industrial,"16,920 to 16,971 sq ft - To Let",To Let,Rent on Application,Price on Application
Barking,"Unit C2 Eastern Approach, 25 Alfreds Way",Industrial,"16,920 sq ft - To Let",To Let,Rent on Application,Price on Application
Aylesford,"Unit 6 Click Aylesford, Coldharbour Lane",Industrial,"15,823 sq ft - To Let",To Let,Rent on Application,Price on Application
Aylesford,"Unit 5 Click Aylesford, Coldharbour Lane",Industrial,"13,691 sq ft - To Let",To Let,Rent on Application,Price on Application
Aylesford,"Unit 3 Click Aylesford, Coldharbour Lane",Industrial,"64,444 sq ft - To Let",To Let,Rent on Application,Price on Application
Erith,"Various Units At Blueprint Erith, Church Manorway",Industrial,"19,554 to 24,230 sq ft - To Let",To Let,Rent on Application,Price on Application
Erith,"Unit 2 Blueprint Erith, Church Manorway",Industrial,"19,554 sq ft - To Let",To Let,Rent on Application,Price on Application
Erith,"Unit 3 Blueprint Erith, Church Manorway",Industrial,"19,572 sq ft - To Let",To Let,Rent on Application,Price on Application
Erith,"Unit 1 Blueprint Erith, Church Manorway",Industrial,"24,230 sq ft - To Let",To Let,Rent on Application,Price on Application
Maidstone,"Unit C, Orchard Business Centre",Industrial,"2,795 sq ft - To Let",To Let,Rent on Application,Price on Application
Swanley,"Unit 11, Park Road Industrial Estate, Park Road",Industrial,"3,161 sq ft - To Let",To Let,Rent on Application,Price on Application
Dartford,Unit 75 Powder Mill Lane,Industrial,"2,868 sq ft - To Let",To Let,Rent on Application,Price on Application
Dartford,"Unit 12, Newtons Court",Industrial,"67,344 sq ft - To Let",To Let,Rent on Application,Price on Application
Dartford,"Unit B2, Logicor Park",Industrial,"2,913 sq ft - To Let",To Let,Rent on Application,Price on Application
Sidcup,Unit 1 Sidcup Logistics Park East,Industrial,"7,441 sq ft - To Let",To Let,Rent on Application,Price on Application
Sidcup,Unit 11 Sidcup Logistics Park East,Industrial,"5,645 sq ft - To Let",To Let,Rent on Application,Price on Application
Sidcup,Unit 9 Sidcup Logistics Park East,Industrial,"5,044 sq ft - To Let",To Let,Rent on Application,Price on Application
Sidcup,Unit 8 Sidcup Logistics Park East,Industrial,"5,463 sq ft - To Let",To Let,Rent on Application,Price on Application
Sidcup,Unit 7 Sidcup Logistics Park East,Industrial,"6,076 sq ft - To Let",To Let,Rent on Application,Price on Application
Sidcup,"Various Units, Sidcup Logistics Park East",Industrial,"5,038 to 34,705 sq ft - To Let",To Let,Rent on Application,Price on Application
Aylesford,"Unit 1 Click Aylesford, Coldharbour Lane",Industrial,"47,221 sq ft - To Let",To Let,Rent on Application,Price on Application
Aylesford,"Unit 2 Click Aylesford, Coldharbour Lane",Industrial,"103,883 sq ft - To Let",To Let,Rent on Application,Price on Application
Aylesford,"Unit 4 Click Aylesford, Coldharbour Lane",Industrial,"51,397 sq ft - To Let",To Let,Rent on Application,Price on Application
Tonbridge,Unit L4 Deacon Trading Estate,Industrial,"7,045 sq ft - To Let",To Let,Rent on Application,Price on Application
Sidcup,Unit 11 Klinger Industrial Park,Industrial,"4,019 sq ft - To Let",To Let,Rent on Application,Price on Application
Swanley,"The Yard, Button Street",Open Storage,"14,941 sq ft - To Let",To Let,Rent on Application,Price on Application
Ramsgate,"Manston House Manston Business Park, Columbus Avenue",Industrial,"175,467 sq ft - To Let",To Let,Rent on Application,Price on Application
Orpington,Unit 5 Halo Business Park,Industrial,"7,008 sq ft - To Let",To Let,Rent on Application,Price on Application
Orpington,Unit 9 Halo Business Park,Industrial,"7,739 sq ft - To Let",To Let,Rent on Application,Price on Application
Orpington,Unit 10 Halo Business Park,Industrial,"8,245 sq ft - To Let",To Let,Rent on Application,Price on Application
Grays,"Unit 1b Coward Industrial Estate, St Johns Road",Industrial,"3,541 sq ft - To Let",To Let,Rent on Application,Price on Application
Rainham,"Unit C3, Thames View Business Centre, Fairview Industrial Park, Barlow Way",Industrial,"4,953 sq ft - To Let",To Let,Rent on Application,Price on Application
Paddock Wood,"Unit J/L, Paddock Wood Distribution Centre, Transfesa Road",Industrial,"17,053 sq ft - To Let",To Let,Rent on Application,Price on Application
Grays,"Units 1, 2 & 3 Globe Industrial Estate",Industrial,"23,332 sq ft - To Let",To Let,Rent on Application,Price on Application
Dartford,"Hawley Mill, Hawley Road",Offices,"2,500 to 8,729 sq ft - To Let",To Let,Rent on Application,Price on Application
West Thurrock,"Plot 7, Thurrock Trade Park, Riverside Industrial Estate",Land / Open Storage,0.50 Acres - To Let,To Let,Rent on Application,Price on Application
Aylesford,"Unit 4, Aylesford Business Park, St Michaels Close",Industrial,"7,171 sq ft - To Let",To Let,Rent on Application,Price on Application
Woodford Green,Unit 2 Woodford Trading Estate,Industrial,"4,750 sq ft - To Let",To Let,Rent on Application,Price on Application
Woodford Green,Unit 2 & 3 Woodford Trading Estate,Industrial,"9,466 sq ft - To Let",To Let,Rent on Application,Price on Application
Woodford Green,Unit 3 Woodford Trading Estate,Industrial,"4,716 sq ft - To Let",To Let,Rent on Application,Price on Application
Aylesford,"Unit 7, Aylesford Business Park, St Michaels Close",Industrial,"5,518 sq ft - To Let",To Let,Rent on Application,Price on Application
West Malling,Unit 10 Kings Hill Avenue,Offices,"4,596 to 25,449 sq ft - To Let",To Let,Rent on Application,Price on Application
Dartford,"Gnd Floor Lakeview West, Galleon Boulevard",Offices,"9,437 sq ft - To Let",To Let,Rent on Application,Price on Application
West Malling,35 Kings Hill Avenue,Offices,"10,994 sq ft - To Let",To Let,Rent on Application,Price on Application
Tilbury,Yard At Berth 29-30 Tilbury Freeport,Land,"37,000 sq ft - To Let",To Let,Rent on Application,Price on Application
Belvedere,Unit E2 Belvedere Point,Industrial,"1,647 sq ft - To Let",To Let,Rent on Application,Price on Application
Banstead,"First Floor Pathtrace House, 91-93 High Street",Offices,"2,275 to 3,169 sq ft - To Let",To Let,Rent on Application,Price on Application
Epsom,"Units 2 & 13 First Quarter, Blenheim Road",Industrial,"1,511 to 3,285 sq ft - To Let",To Let,Rent on Application,Price on Application
Croydon,"Units At The Courtyard, 131 Aurelia Road",Industrial,"1,628 to 5,458 sq ft - To Let",To Let,Rent on Application,Price on Application
Dartford,Unit 12A Saunders Way,Industrial,"1,323 sq ft - To Let",To Let,Rent on Application,Price on Application
Croydon,"Unit 8 Progress Business Park, Progress Way",Industrial,"1,173 sq ft - To Let",To Let,Rent on Application,Price on Application
Croydon,"Unit 5 Progress Business Park, Progress Way",Industrial,"2,147 sq ft - To Let",To Let,Rent on Application,Price on Application
Egham,Barons Court,Offices,"1,579 sq ft - To Let",To Let,Rent on Application,Price on Application
Maidstone,"Powerhub Business Centre, St. Peters Street",Industrial,"517 to 58,041 sq ft - To Let",To Let,Rent on Application,Price on Application
Maidstone,"Fourth Floor, Powerhub Business Centre, St. Peters Street",Industrial,"517 to 21,421 sq ft - To Let",To Let,Rent on Application,Price on Application
Maidstone,"Second Floor, Powerhub Business Centre, St. Peters Street",Industrial,"764 to 15,834 sq ft - To Let",To Let,Rent on Application,Price on Application
Maidstone,"First Floor, Powerhub Business Centre, St. Peters Street",Industrial,"592 to 20,786 sq ft - To Let",To Let,Rent on Application,Price on Application
South Godstone,"Unit W6 Lambs Business Park, Terracotta Road",Industrial,"1,621 sq ft - To Let",To Let,Rent on Application,Price on Application
Redhill,"Clarendon House, Clarendon Road",Offices,"1,585 to 10,102 sq ft - To Let",To Let,Rent on Application,Price on Application
Barking,"Unit B1, Eastern Approach, 25 Alfreds Way",Industrial,"25,215 sq ft - To Let",To Let,Rent on Application,Price on Application
Barking,"Unit B2, Eastern Approach, 25 Alfreds Way",Industrial,"25,353 sq ft - To Let",To Let,Rent on Application,Price on Application
Barking,"Units B1 & B2, Eastern Approach, 25 Alfreds Way",Industrial,"23,192 to 50,568 sq ft - To Let",To Let,Rent on Application,Price on Application
Sidcup,Unit 1 Five Arches Business Estate,Industrial,"22,537 sq ft - To Let",To Let,Rent on Application,Price on Application
Redhill,"Forum House, 41-51 Brighton Road",Offices,"1,611 to 7,772 sq ft - To Let",To Let,Rent on Application,Price on Application
Reigate,"Suite B, Priory House, 45-51 High Street",Offices,"1,160 sq ft - To Let",To Let,Rent on Application,Price on Application
Crawley,"Global House, High Street",Offices,"6,300 sq ft - To Let",To Let,Rent on Application,Price on Application
Crawley,"Palladian, Manor Royal",Offices,"7,647 sq ft - To Let",To Let,Rent on Application,Price on Application
Leatherhead,"Arc Leatherhead The Office Park, Springfield Drive",Offices,"8,362 to 25,422 sq ft - To Let",To Let,Rent on Application,Price on Application
Betchworth,"Nionisle House, Station Road",Offices,"1,010 sq ft - For Sale",For Sale,Rent on Application,Price on Application
Dorking,"6 Dorking Office Park, Station Road",Offices,"2,420 sq ft - To Let",To Let,Rent on Application,Price on Application
Reigate,"Omnibus, Lesbourne Road",Offices,"4,152 to 11,003 sq ft - To Let",To Let,Rent on Application,Price on Application
Horley,"The Old Brewery, Station Road",Investment / Offices,"4,553 sq ft - For Sale",For Sale,Rent on Application,Price on Application
Crawley,"The Portland Building, 25 High Street",Offices,"2,981 to 14,230 sq ft - To Let",To Let,Rent on Application,Price on Application
Redhill,"Somerset House, 47-49 London Road",Offices,"1,500 to 20,000 sq ft - To Let",To Let,Rent on Application,Price on Application
Leatherhead,"Kings Court, 41-51 Kingston Road",Offices,"2,226 to 15,473 sq ft - To Let",To Let,Rent on Application,Price on Application
Redhill,"Units 10 & 17, Redhill 23 Business Park, 29 Holmethorpe Avenue",Industrial,"1,716 to 4,412 sq ft - To Let",To Let,Rent on Application,Price on Application
Coulsdon,"Unit B5 Redlands, Ullswater Crescent",Industrial,"20,025 sq ft - To Let",To Let,Rent on Application,Price on Application
Dorking,"Units 4 & 5 Tillingbourne Court, Station Road",Industrial,"2,450 to 4,900 sq ft - To Let",To Let,Rent on Application,Price on Application
Chessington,"Unit 50 Barwell Business Park, Leatherhead Road",Industrial,"14,136 sq ft - To Let",To Let,Rent on Application,Price on Application
Chessington,"Unit 24 Barwell Business Park, Leatherhead Road",Industrial,"5,015 sq ft - To Let",To Let,Rent on Application,Price on Application
Sidcup,Unit 10 Sidcup Logistics Park East,Industrial,"5,036 sq ft - To Let",To Let,Rent on Application,Price on Application
West Thurrock,"Unit B6, J31 Park",Industrial,"15,091 sq ft - To Let",To Let,Rent on Application,Price on Application
Croydon,"Rear Yard, 48 Vulcan Way, New Addington",Open Storage,0.50 Acres - To Let,To Let,Rent on Application,Price on Application
London,234-238 Great Portland Street,Offices,"15,978 sq ft - To Let",To Let,Rent on Application,Price on Application
